SwLa-LuSpp-1-f-2020_pooled_80	SwLa-f-1
SwLa-LuSpp-10-f-2020_pooled_89	SwLa-f-10
SwLa-LuSpp-11-m-2020_pooled_90	SwLa-m-11
SwLa-LuSpp-12-m-2020_pooled_91	SwLa-m-12
SwLa-LuSpp-13-f-2020_pooled_92	SwLa-f-13
SwLa-LuSpp-14-m-2020_pooled_93	SwLa-m-14
SwLa-LuSpp-15-m-2020_pooled_94	SwLa-m-15
SwLa-LuSpp-16-m-2020_pooled_95	SwLa-m-16
SwLa-LuSpp-17-f-2020_pooled_96	SwLa-f-17
SwLa-LuSpp-18-m-2020_pooled_97	SwLa-m-18
SwLa-LuSpp-19-f-2020_pooled_98	SwLa-f-19
SwLa-LuSpp-2-m-2020_pooled_81	SwLa-m-2
SwLa-LuSpp-20-m-2020_pooled_99	SwLa-m-20
SwLa-LuSpp-21-m-2020_pooled_100	SwLa-m-21
SwLa-LuSpp-22-f-2020_pooled_101	SwLa-f-22
SwLa-LuSpp-23-m-HMW-2020_pooled_102	SwLa-m-23
SwLa-LuSpp-3-f-2020_pooled_82	SwLa-f-3
SwLa-LuSpp-4-f-2020_pooled_83	SwLa-f-4
SwLa-LuSpp-5-m-2020_pooled_84	SwLa-m-5
SwLa-LuSpp-6-m-2020_pooled_85	SwLa-m-6
SwLa-LuSpp-7-m-2020_pooled_86	SwLa-m-7
SwLa-LuSpp-8-m-2020_pooled_87	SwLa-m-8
SwLa-LuSpp-9-f-2020_pooled_88	SwLa-f-9
PoAlf-LuLus-64m-2022-10	PoAlf-m-10
PoAlf-LuLus-65-m-2022-11	PoAlf-m-11
PoAlf-LuLus-66-m-2022-12	PoAlf-m-12
PoAlf-LuLus-67-m-2022-13	PoAlf-m-13
PoAlf-LuLus-68-m-2022-14	PoAlf-m-14
PoMon-LuLus-59-m-2022-5	PoMon-m-5
PoMon-LuLus-60-m-2022-6	PoMon-m-6
PoMon-LuLus-61-m-2022-7	PoMon-m-7
PoMon-LuLus-62-m-2022-8	PoMon-m-8
PoMon-LuLus-63-m-2022-9	PoMon-m-9
PoSes-LuLus-55-m-2022-1	PoSes-m-1
PoSes-LuLus-56-m-2022-2	PoSes-m-2
PoSes-LuLus-57-m-2022-3	PoSes-m-3
PoSes-LuLus-58-m-2022-4	PoSes-m-4
MoDo-LuNov-31-m-2022-1	MoDo-m-1
MoDo-LuNov-32-m-2022-2	MoDo-m-2
ItPie-LuLus-16-m-2022-1	ItPie-m-1
ItPie-LuLus-17-m-2022-2	ItPie-m-2
ItPie-LuLus-18-m-2022-3	ItPie-m-3
ItPie-LuLus-19-m-2022-4	ItPie-m-4
ItPie-LuLus-20-m-2022-5	ItPie-m-5
ItPie-LuLus-21-m-2022-6	ItPie-m-6
ItPie-LuLus-22-m-2022-7	ItPie-m-7
ItPie-LuLus-23-m-2022-8	ItPie-m-8
ItPie-LuLus-24-m-2022-9	ItPie-m-9
ItPie-LuLus-25-m-2022-10	ItPie-m-10
ItPie-LuLus-26-m-2022-11	ItPie-m-11
ItPie-LuLus-27-m-2022-12	ItPie-m-12
ItPie-LuLus-28-m-2022-13	ItPie-m-13
ItPie-LuLus-29-m-2022-14	ItPie-m-14
ItPie-LuLus-30-m-2022-15	ItPie-m-15
ItSal-LuLus-1-m-2022-1	ItSal-m-1
ItSal-LuLus-10-m-2022-10	ItSal-m-10
ItSal-LuLus-11-m-2022-11	ItSal-m-11
ItSal-LuLus-12-m-2022-12	ItSal-m-12
ItSal-LuLus-13-m-2022-13	ItSal-m-13
ItSal-LuLus-14-m-2022-14	ItSal-m-14
ItSal-LuLus-15-m-2022-15	ItSal-m-15
ItSal-LuLus-2-f-2022-2	ItSal-f-2
ItSal-LuLus-3-m-2022-3	ItSal-m-3
ItSal-LuLus-4-m-2022-4	ItSal-m-4
ItSal-LuLus-5-m-2022-5	ItSal-m-5
ItSal-LuLus-6-m-2022-6	ItSal-m-6
ItSal-LuLus-7-m-2022-7	ItSal-m-7
ItSal-LuLus-8-m-2022-8	ItSal-m-8
ItSal-LuLus-9-m-2022-9	ItSal-m-9
GrPal-LuNov-40-m-2022-1	GrPal-m-1
GrPal-LuNov-41-m-2022-2	GrPal-m-2
GrPal-LuNov-42-m-2022-3	GrPal-m-3
GrPal-LuNov-43-m-2022-4	GrPal-m-4
GrPal-LuNov-44-m-2022-5	GrPal-m-5
GrPal-LuNov-45-m-2022-6	GrPal-m-6
GrPal-LuNov-46-m-2022-7	GrPal-m-7
GrPal-LuNov-47-m-2022-8	GrPal-m-8
GrPal-LuNov-48-m-2022-9	GrPal-m-9
GrPal-LuNov-49-m-2022-10	GrPal-m-10
GrPal-LuNov-50-m-2022-11	GrPal-m-11
GrPal-LuNov-51-m-2022-12	GrPal-m-12
GrPal-LuNov-52-m-2022-13	GrPal-m-13
GrPal-LuNov-53-m-2022-14	GrPal-m-14
GrPal-LuNov-54-m-2022-15	GrPal-m-15
GrPa-LuSpp-3-m-2020_pooled_105	GrPal-m-16
FraPar-LuIta-1-m-2025-1	FraPar-m-1
FraPar-LuIta-10-m-2025-10	FraPar-m-10
FraPar-LuIta-11-m-2025-11	FraPar-m-11
FraPar-LuIta-12-m-2025-12	FraPar-m-12
FraPar-LuIta-13-m-2025-13	FraPar-m-13
FraPar-LuIta-14-m-2025-14	FraPar-m-14
FraPar-LuIta-15-m-2025-15	FraPar-m-15
FraPar-LuIta-2-m-2025-2	FraPar-m-2
FraPar-LuIta-3-m-2025-3	FraPar-m-3
FraPar-LuIta-4-m-2025-4	FraPar-m-4
FraPar-LuIta-5-m-2025-5	FraPar-m-5
FraPar-LuIta-6-m-2025-6	FraPar-m-6
FraPar-LuIta-7-m-2025-7	FraPar-m-7
FraPar-LuIta-8-m-2025-8	FraPar-m-8
FraPar-LuIta-9-m-2025-9	FraPar-m-9
AlVe-LuNov-33-m-2022-1	AlVe-m-1
AlVe-LuNov-34-m-2022-2	AlVe-m-2
AlVe-LuNov-35-m-2022-3	AlVe-m-3
AlVe-LuNov-36-m-2022-4	AlVe-m-4
AlVe-LuNov-37-m-2022-5	AlVe-m-5
AlVe-LuNov-38-m-2022-6	AlVe-m-6
AlVe-LuNov-39-m-2022-7	AlVe-m-7
ItCol_f_1	ItCol-f-1
ItCol_f_16	ItCol-f-16
ItCol_f_17	ItCol-f-17
ItCol_f_3	ItCol-f-3
ItCol_f_5	ItCol-f-5
ItCol_f_6	ItCol-f-6
ItCol_m_10	ItCol-m-10
ItCol_m_12	ItCol-m-12
ItCol_m_14	ItCol-m-14
ItCol_m_15	ItCol-m-15
ItCol_m_7	ItCol-m-7
ItCol_m_9	ItCol-m-9
FraBlu-LuIta-1-m-2025-16	FraBlu-m-1
FraBlu-LuIta-10-m-2025-25	FraBlu-m-10
FraBlu-LuIta-11-m-2025-26	FraBlu-m-11
FraBlu-LuIta-12-m-2025-27	FraBlu-m-12
FraBlu-LuIta-13-m-2025-28	FraBlu-m-13
FraBlu-LuIta-14-m-2025-29	FraBlu-m-14
FraBlu-LuIta-15-m-2025-30	FraBlu-m-15
FraBlu-LuIta-2-m-2025-17	FraBlu-m-2
FraBlu-LuIta-3-m-2025-18	FraBlu-m-3
FraBlu-LuIta-4-m-2025-19	FraBlu-m-4
FraBlu-LuIta-5-m-2025-20	FraBlu-m-5
FraBlu-LuIta-6-m-2025-21	FraBlu-m-6
FraBlu-LuIta-7-m-2025-22	FraBlu-m-7
FraBlu-LuIta-8-m-2025-23	FraBlu-m-8
FraBlu-LuIta-9-m-2025-24	FraBlu-m-9
Aquatica_lateralis_1	Aquatica_lateralis_1
Aquatica_lateralis_2	Aquatica_lateralis_2
Aquatica_leii	Aquatica_leii
Luciola_curtithorax_1	Luciola_curtithorax_1
Luciola_curtithorax_2	Luciola_curtithorax_2
Luciola_filiformis	Luciola_filiformis
Luciola_kagiana_1	Luciola_kagiana_1
Luciola_kagiana_2	Luciola_kagiana_2
Luciola_parvula_1	Luciola_parvula_1
Luciola_parvula_2	Luciola_parvula_2
Luciola_parvula_3	Luciola_parvula_3
Luciola_singapura	Luciola_singapura
Luciola_sp_1	Luciola_sp_1
Luciola_sp_2	Luciola_sp_2
Luciola_unmunsana	Luciola_unmunsana_1
Hotaria_unmunsana	Luciola_unmunsana_2
Nipponoluciola_cruciata_1	Nipponoluciola_cruciata_1
Nipponoluciola_cruciata_2	Nipponoluciola_cruciata_2
Nipponoluciola_cruciata_3	Nipponoluciola_cruciata_3
Nipponoluciola_cruciata_4	Nipponoluciola_cruciata_4
Nipponoluciola_cruciata_5	Nipponoluciola_cruciata_5
Nipponoluciola_cruciata_6	Nipponoluciola_cruciata_6
Sclerotia_substriata_1	Sclerotia_substriata_1
Sclerotia_substriata_2	Sclerotia_substriata_2